rank,keyword_id,surface_form,canonical_concept,tf,df,prevalence,character_count,chapter_count,max_chapter_share,quartile_1_df,quartile_2_df,quartile_3_df,quartile_4_df,story_local_flag,frequency_tier,include_core,include_main,include_extended,word_type,semantic_categories,segmentation_source,notes
1,lpw_8af2350cfd,的,的,644,596,0.21008107155445893,1,27,0.11577181208053691,159,125,130,182,false,core,true,true,true,function,function,intl_zh_word,
2,lpw_b70bb4acc0,我,我,536,526,0.1854071201973916,1,27,0.12547528517110265,165,106,102,153,false,core,true,true,true,pronoun,pronoun,intl_zh_word,
3,lpw_8b7b91e000,他,他,314,311,0.10962284102925626,1,24,0.15755627009646303,78,77,59,97,false,core,true,true,true,pronoun,pronoun,intl_zh_word,
4,lpw_ccca744613,说,说,289,288,0.10151568558336271,1,27,0.1423611111111111,50,65,98,75,false,core,true,true,true,verb_or_predicate,speech,intl_zh_word,
5,lpw_b2dd27e84f,了,了,263,262,0.09235107507930913,1,26,0.11450381679389313,81,66,46,69,false,core,true,true,true,function,function,intl_zh_word,
6,lpw_a0c7716669,你,你,217,209,0.0736693690518153,1,19,0.20095693779904306,44,47,57,61,false,core,true,true,true,pronoun,pronoun,intl_zh_word,
7,lpw_87f2a033cf,小王子,小王子,176,176,0.062037363412054986,3,25,0.11931818181818182,25,56,56,39,false,core,true,true,true,noun_or_entity,narrative_character,custom_phrase,
8,lpw_d409ab2ab3,这,这,171,171,0.06027493831512161,1,25,0.07602339181286549,58,48,33,32,false,core,true,true,true,pronoun,pronoun,intl_zh_word,
9,lpw_b5141d3d19,是,是,143,143,0.05040535777229468,1,23,0.1048951048951049,33,35,48,27,false,core,true,true,true,function,function,intl_zh_word,
10,lpw_2f9d9872e5,就,就,127,127,0.04476559746210786,1,26,0.08661417322834646,40,30,32,25,false,core,true,true,true,function,function,intl_zh_word,
11,lpw_12404a0b63,在,在,123,123,0.04335565738456116,1,25,0.0975609756097561,34,16,32,41,false,core,true,true,true,function,function,intl_zh_word,
12,lpw_74570c7270,对,对,109,108,0.03806838209376102,1,22,0.1388888888888889,24,29,14,41,false,core,true,true,true,function,function,intl_zh_word,
13,lpw_9e5bf0d2d9,着,着,98,98,0.03454353189989425,1,23,0.15306122448979592,20,26,16,36,false,core,true,true,true,function,function,intl_zh_word,
14,lpw_bdbd41e490,地,地,93,91,0.032076136764187524,1,24,0.14285714285714285,35,23,11,22,false,core,true,true,true,function,function,intl_zh_word,
15,lpw_5ba1e3c0eb,会,会,85,85,0.029961226647867465,1,21,0.1411764705882353,27,9,26,23,false,core,true,true,true,verb_or_predicate,negation_modality,intl_zh_word,
16,lpw_e1dbc1c99f,一个,一个,85,85,0.029961226647867465,2,23,0.10588235294117647,25,21,26,13,false,core,true,true,true,function,function|time_quantity,intl_zh_word,
17,lpw_c1b52e0e64,什么,什么,78,77,0.027141346492774058,2,20,0.16883116883116883,18,24,16,19,false,core,true,true,true,pronoun,pronoun|interrogative,intl_zh_word,
18,lpw_90ce0f66f0,有,有,78,77,0.027141346492774058,1,22,0.15584415584415584,26,14,21,16,false,core,true,true,true,other,other,intl_zh_word,
19,lpw_50f5d65d57,人,人,75,75,0.026436376454000706,1,21,0.12,17,23,25,10,false,core,true,true,true,other,other,intl_zh_word,
20,lpw_059ab0f707,花儿,花,75,74,0.02608389143461403,2,16,0.24324324324324326,18,26,20,10,false,core,true,true,true,noun_or_entity,narrative_character|concrete_entity,custom_phrase,
21,lpw_7e9260e925,它,它,73,72,0.02537892139584068,1,20,0.1111111111111111,22,17,16,17,false,core,true,true,true,pronoun,pronoun,intl_zh_word,
22,lpw_02811cec0b,呢,呢,70,70,0.024673951357067323,1,23,0.11428571428571428,16,24,23,7,false,core,true,true,true,function,function|interrogative,intl_zh_word,
23,lpw_db5ba671d2,上,上,70,70,0.024673951357067323,1,24,0.12857142857142856,16,15,20,19,false,core,true,true,true,function,function,intl_zh_word,
24,lpw_10518f8f0a,他们,他们,69,67,0.023616496298907295,2,17,0.208955223880597,22,5,22,18,false,core,true,true,true,pronoun,pronoun,intl_zh_word,
25,lpw_e71ce5deab,又,又,63,61,0.02150158618258724,1,21,0.14754098360655737,10,15,16,20,false,core,true,true,true,function,function,intl_zh_word,
26,lpw_6d8229118c,来,来,58,58,0.020444131124427212,1,16,0.13793103448275862,14,15,19,10,false,core,true,true,true,verb_or_predicate,physical_action,intl_zh_word,
27,lpw_f2b91797ea,很,很,59,56,0.01973916108565386,1,22,0.125,18,10,16,12,false,core,true,true,true,other,other,intl_zh_word,
28,lpw_6a9fec7faf,星星,星星,56,56,0.01973916108565386,2,8,0.39285714285714285,7,15,5,29,false,core,true,true,true,noun_or_entity,concrete_entity,custom_phrase,
29,lpw_ad37574404,让,让,54,54,0.01903419104688051,1,18,0.14814814814814814,11,20,12,11,false,core,true,true,true,other,other,intl_zh_word,
30,lpw_2ab425e0c6,她,她,53,53,0.018681706027493833,1,9,0.5283018867924528,0,33,17,3,false,core,true,true,true,pronoun,pronoun,intl_zh_word,
31,lpw_62f2d6c1a1,星球,星球,53,53,0.018681706027493833,2,16,0.20754716981132076,23,16,12,2,false,core,true,true,true,noun_or_entity,place,custom_phrase,
32,lpw_6e55fb9d8a,给,给,51,51,0.017976735988720478,1,16,0.19607843137254902,21,9,8,13,false,core,true,true,true,other,other,intl_zh_word,
33,lpw_5a2362a202,那,那,50,50,0.017624250969333802,1,20,0.14,19,12,8,11,false,core,true,true,true,pronoun,pronoun,intl_zh_word,
34,lpw_de9f18b00a,画,画,55,49,0.017271765949947126,1,8,0.40816326530612246,42,0,0,7,true,main,false,false,false,verb_or_predicate,physical_action,intl_zh_word,保留在主表，但因章节/全文位置集中而不进入通用嵌套评估集
35,lpw_3a116815bc,个,个,48,48,0.01691928093056045,1,18,0.125,14,14,9,11,false,main,false,true,true,other,other,intl_zh_word,
36,lpw_975f35218e,要,要,47,47,0.016566795911173774,1,18,0.1702127659574468,14,16,6,11,false,main,false,true,true,verb_or_predicate,negation_modality,intl_zh_word,
37,lpw_658605835b,也,也,47,47,0.016566795911173774,1,19,0.1702127659574468,16,6,16,9,false,main,false,true,true,function,function,intl_zh_word,
38,lpw_979e2bc35b,这个,这个,47,47,0.016566795911173774,2,19,0.1702127659574468,15,16,10,6,false,main,false,true,true,function,function,intl_zh_word,
39,lpw_51a75f4634,一,一,46,46,0.016214310891787098,1,20,0.15217391304347827,9,15,12,10,false,main,false,true,true,other,other,intl_zh_word,
40,lpw_38ca4a9c76,可是,可是,45,45,0.015861825872400422,2,21,0.1111111111111111,11,14,9,11,false,main,false,true,true,function,function,intl_zh_word,
41,lpw_8b9cefa38e,可,可,43,43,0.01515685583362707,1,17,0.11627906976744186,9,14,12,8,false,main,false,true,true,other,other,intl_zh_word,
42,lpw_279e8b3573,没,没,43,43,0.01515685583362707,1,19,0.11627906976744186,14,10,5,14,false,main,false,true,true,verb_or_predicate,negation_modality,intl_zh_word,
43,lpw_99ae21ea6c,去,去,43,43,0.01515685583362707,1,19,0.13953488372093023,7,10,14,12,false,main,false,true,true,verb_or_predicate,physical_action,intl_zh_word,
44,lpw_d7b6472b11,知道,知道,43,43,0.01515685583362707,2,18,0.11627906976744186,17,4,7,15,false,main,false,true,true,verb_or_predicate,cognition,custom_phrase,
45,lpw_71b1ed1114,得,得,41,40,0.014099400775467043,1,15,0.15,15,8,12,5,false,main,false,true,true,function,function,intl_zh_word,
46,lpw_f777893480,过,过,40,40,0.014099400775467043,1,19,0.2,13,4,12,11,false,main,false,true,true,other,other,intl_zh_word,
47,lpw_8a5d477bda,你们,你们,40,39,0.013746915756080367,2,9,0.2564102564102564,4,0,26,9,false,main,false,true,true,pronoun,pronoun,intl_zh_word,
48,lpw_38e917f021,国王,国王,38,38,0.013394430736693691,2,6,0.7894736842105263,0,34,4,0,true,main,false,false,false,noun_or_entity,narrative_character,custom_phrase,保留在主表，但因章节/全文位置集中而不进入通用嵌套评估集
49,lpw_3d7114281f,和,和,38,38,0.013394430736693691,1,17,0.21052631578947367,7,8,20,3,false,main,false,true,true,function,function,intl_zh_word,
50,lpw_f3f5126487,回答,回答,38,38,0.013394430736693691,2,18,0.23684210526315788,9,15,5,9,false,main,false,true,true,verb_or_predicate,speech,custom_phrase,
51,lpw_fb43354d2a,自己,自己,38,37,0.013041945717307015,2,16,0.16216216216216217,7,12,7,11,false,main,false,true,true,pronoun,pronoun,intl_zh_word,
52,lpw_2442748e41,把,把,37,37,0.013041945717307015,1,19,0.10810810810810811,17,7,8,5,false,main,false,true,true,function,function,intl_zh_word,
53,lpw_0a93e4ffe2,狐狸,狐狸,36,36,0.01268946069792034,2,3,0.8333333333333334,0,0,29,7,true,main,false,false,false,noun_or_entity,narrative_character,custom_phrase,保留在主表，但因章节/全文位置集中而不进入通用嵌套评估集
54,lpw_79f43de6e3,里,里,36,36,0.01268946069792034,1,18,0.1388888888888889,14,5,7,10,false,main,false,true,true,function,function,intl_zh_word,
55,lpw_b02dfe2160,不,不,34,34,0.011984490659146986,1,19,0.11764705882352941,10,10,5,9,false,main,false,true,true,verb_or_predicate,negation_modality,intl_zh_word,
56,lpw_88aa006eb3,就是,就是,34,34,0.011984490659146986,2,17,0.17647058823529413,13,9,6,6,false,main,false,true,true,other,other,intl_zh_word,
57,lpw_238b95ae07,绵羊,羊,34,34,0.011984490659146986,2,7,0.35294117647058826,26,0,0,8,true,main,false,false,false,noun_or_entity,concrete_entity,custom_phrase,保留在主表，但因章节/全文位置集中而不进入通用嵌套评估集
58,lpw_c40b3d2880,它们,它们,34,34,0.011984490659146986,2,12,0.4117647058823529,9,17,1,7,false,main,false,true,true,pronoun,pronoun,intl_zh_word,
59,lpw_f127804b92,没有,没有,33,33,0.01163200563976031,2,15,0.18181818181818182,5,10,8,10,false,main,false,true,true,verb_or_predicate,negation_modality,intl_zh_word,
60,lpw_4628c0e06f,问,问,33,32,0.011279520620373634,1,20,0.125,9,7,9,7,false,main,false,true,true,verb_or_predicate,speech,intl_zh_word,
61,lpw_6a7339bb75,小,小,32,32,0.011279520620373634,1,12,0.28125,8,8,4,12,false,main,false,true,true,other,other,intl_zh_word,
62,lpw_409e2c3882,只,只,32,32,0.011279520620373634,1,15,0.28125,13,7,5,7,false,main,false,true,true,function,function,intl_zh_word,
63,lpw_f867f34178,好,好,34,31,0.010927035600986958,1,14,0.22580645161290322,7,10,11,3,false,main,false,true,true,other,other,intl_zh_word,
64,lpw_795cfc96d4,因为,因为,31,31,0.010927035600986958,2,12,0.16129032258064516,5,10,7,9,false,main,false,true,true,function,function,intl_zh_word,
65,lpw_b7fc681861,这样,这样,31,31,0.010927035600986958,2,16,0.16129032258064516,13,10,3,5,false,main,false,true,true,other,other,intl_zh_word,
66,lpw_7eabb36ba1,都,都,30,30,0.010574550581600282,1,15,0.16666666666666666,10,8,10,2,false,main,false,true,true,function,function,intl_zh_word,
67,lpw_1d9ed56951,事,事,30,30,0.010574550581600282,1,10,0.3,9,13,4,4,false,main,false,true,true,other,other,intl_zh_word,
68,lpw_19a29e87c9,这儿,这儿,30,30,0.010574550581600282,2,17,0.13333333333333333,6,6,11,7,false,main,false,true,true,other,other,intl_zh_word,
69,lpw_cf8cedd58b,像,像,29,29,0.010222065562213606,1,13,0.20689655172413793,11,3,4,11,false,extended,false,false,true,other,other,intl_zh_word,
70,lpw_9dc5c0158d,一样,一样,29,29,0.010222065562213606,2,15,0.1724137931034483,6,4,8,11,false,extended,false,false,true,other,other,intl_zh_word,
71,lpw_61f43315f9,看,看,28,28,0.00986958054282693,1,14,0.17857142857142858,11,8,4,5,false,extended,false,false,true,verb_or_predicate,perception,intl_zh_word,
72,lpw_0ef5c86fab,可以,可以,28,28,0.00986958054282693,2,11,0.17857142857142858,7,9,9,3,false,extended,false,false,true,verb_or_predicate,negation_modality,intl_zh_word,
73,lpw_df0d251938,想,想,28,28,0.00986958054282693,1,15,0.14285714285714285,6,7,11,4,false,extended,false,false,true,verb_or_predicate,cognition,intl_zh_word,
74,lpw_2719a8ea30,从,从,27,27,0.009517095523440254,1,14,0.25925925925925924,14,4,5,4,false,extended,false,false,true,function,function,intl_zh_word,
75,lpw_383a53d95c,跟,跟,27,27,0.009517095523440254,1,14,0.18518518518518517,10,6,7,4,false,extended,false,false,true,function,function,intl_zh_word,
76,lpw_03fe6b38e7,呀,呀,27,27,0.009517095523440254,1,14,0.18518518518518517,8,8,8,3,false,extended,false,false,true,function,function,intl_zh_word,
77,lpw_467b2562ed,要是,要是,27,27,0.009517095523440254,2,16,0.14814814814814814,11,4,5,7,false,extended,false,false,true,function,function,intl_zh_word,
78,lpw_1bc709b8bf,还,还,26,26,0.009164610504053579,1,15,0.15384615384615385,6,6,9,5,false,extended,false,false,true,other,other,intl_zh_word,
79,lpw_5ac1612110,吗,吗,26,26,0.009164610504053579,1,12,0.19230769230769232,9,4,7,6,false,extended,false,false,true,function,function|interrogative,intl_zh_word,
80,lpw_a61f02e145,那么,那么,26,26,0.009164610504053579,2,13,0.15384615384615385,4,10,8,4,false,extended,false,false,true,function,function,intl_zh_word,
81,lpw_bad8b6c7ae,吧,吧,25,25,0.008812125484666901,1,12,0.2,2,2,10,11,false,extended,false,false,true,function,function,intl_zh_word,
82,lpw_443053caf3,地理学家,地理学家,25,25,0.008812125484666901,4,2,0.96,0,0,25,0,true,extended,false,false,false,noun_or_entity,narrative_character,custom_phrase,保留在主表，但因章节/全文位置集中而不进入通用嵌套评估集
83,lpw_08e2725ce1,而,而,25,25,0.008812125484666901,1,12,0.2,7,2,4,12,false,extended,false,false,true,function,function,intl_zh_word,
84,lpw_15c2457566,感到,感到,25,25,0.008812125484666901,2,16,0.2,4,6,6,9,false,extended,false,false,true,verb_or_predicate,perception,custom_phrase,
85,lpw_4fbf406572,沙漠,沙漠,25,25,0.008812125484666901,2,9,0.32,3,0,9,13,false,extended,false,false,true,noun_or_entity,place,custom_phrase,
86,lpw_04e45efb3b,用,用,25,25,0.008812125484666901,1,13,0.16,9,7,1,8,false,extended,false,false,true,other,other,intl_zh_word,
87,lpw_7677ca84c6,这么,这么,25,25,0.008812125484666901,2,17,0.12,7,7,5,6,false,extended,false,false,true,other,other,intl_zh_word,
88,lpw_72113362c6,不过,不过,24,24,0.008459640465280225,2,12,0.20833333333333334,5,8,10,1,false,extended,false,false,true,function,function,intl_zh_word,
89,lpw_677aad1a0e,朋友,朋友,24,24,0.008459640465280225,2,9,0.25,9,0,9,6,false,extended,false,false,true,other,emotion_social,custom_phrase,
90,lpw_44dd6014a5,大人,大人,23,23,0.008107155445893549,2,11,0.30434782608695654,15,5,2,1,false,extended,false,false,true,noun_or_entity,narrative_character,custom_phrase,
91,lpw_1462a7d853,地方,地方,23,23,0.008107155445893549,2,13,0.17391304347826086,4,4,7,8,false,extended,false,false,true,other,other,intl_zh_word,
92,lpw_1ec087a5d0,猴面包树,猴面包树,23,23,0.008107155445893549,4,5,0.782608695652174,18,2,1,2,true,extended,false,false,false,noun_or_entity,concrete_entity,custom_phrase,保留在主表，但因章节/全文位置集中而不进入通用嵌套评估集
93,lpw_e7ace7adf2,太,太,23,23,0.008107155445893549,1,14,0.17391304347826086,8,8,2,5,false,extended,false,false,true,other,other,intl_zh_word,
94,lpw_aebd6fbbd2,一朵,一朵,23,23,0.008107155445893549,2,15,0.13043478260869565,2,6,10,5,false,extended,false,false,true,other,other,intl_zh_word,
95,lpw_7a590a22cd,这些,这些,23,23,0.008107155445893549,2,13,0.34782608695652173,3,14,4,2,false,extended,false,false,true,function,function,intl_zh_word,
96,lpw_49da61ceee,天,天,22,22,0.007754670426506873,1,12,0.2727272727272727,7,1,4,10,false,extended,false,false,true,other,other,intl_zh_word,
97,lpw_a0cc5593ee,来说,来说,21,21,0.007402185407120197,2,10,0.3333333333333333,3,1,7,10,false,extended,false,false,true,other,other,intl_zh_word,
98,lpw_29506aa712,有点,有点,21,21,0.007402185407120197,2,13,0.14285714285714285,3,6,5,7,false,extended,false,false,true,other,other,intl_zh_word,
99,lpw_b181350186,东西,东西,21,20,0.007049700387733521,2,8,0.35,0,3,5,12,false,extended,false,false,true,other,other,intl_zh_word,
100,lpw_eeef861b87,地球,地球,20,20,0.007049700387733521,2,10,0.35,2,1,14,3,false,extended,false,false,true,noun_or_entity,place,custom_phrase,
101,lpw_78c82d9f41,觉得,觉得,20,20,0.007049700387733521,2,11,0.2,3,8,2,7,false,extended,false,false,true,verb_or_predicate,cognition,custom_phrase,
102,lpw_7205426737,看见,看见,20,20,0.007049700387733521,2,13,0.35,3,5,4,8,false,extended,false,false,true,verb_or_predicate,perception,custom_phrase,
103,lpw_a6664df1ef,玫瑰,玫瑰,20,20,0.007049700387733521,2,6,0.5,3,0,9,8,false,extended,false,false,true,noun_or_entity,narrative_character|concrete_entity,intl_zh_word,
104,lpw_abd258db99,那些,那些,20,20,0.007049700387733521,2,11,0.2,9,5,3,3,false,extended,false,false,true,function,function,intl_zh_word,
105,lpw_b8a694b2df,起来,起来,20,20,0.007049700387733521,2,12,0.2,4,4,3,9,false,extended,false,false,true,other,other,intl_zh_word,
106,lpw_693e132f27,声,声,20,20,0.007049700387733521,1,7,0.35,1,3,4,12,false,extended,false,false,true,other,other,intl_zh_word,
107,lpw_7c2c50fbaf,啊,啊,21,19,0.0066972153683468455,1,12,0.15789473684210525,7,5,3,4,false,exploratory,false,false,false,function,function,intl_zh_word,
108,lpw_7d4ca7f48e,大,大,19,19,0.0066972153683468455,1,8,0.2631578947368421,11,1,7,0,false,exploratory,false,false,false,other,other,intl_zh_word,
109,lpw_5e1dc2a833,的是,的是,19,19,0.0066972153683468455,2,12,0.21052631578947367,5,2,9,3,false,exploratory,false,false,false,other,other,intl_zh_word,
110,lpw_1ed5efc3dc,儿,儿,19,19,0.0066972153683468455,1,14,0.10526315789473684,5,3,4,7,false,exploratory,false,false,false,other,other,intl_zh_word,
111,lpw_3a1a30dbb2,就像,就像,19,19,0.0066972153683468455,2,10,0.3157894736842105,4,0,4,11,false,exploratory,false,false,false,other,other,intl_zh_word,
112,lpw_8e37cd5f7f,明白,明白,19,19,0.0066972153683468455,2,12,0.15789473684210525,8,2,3,6,false,exploratory,false,false,false,verb_or_predicate,cognition,custom_phrase,
113,lpw_928f87d450,命令,命令,19,19,0.0066972153683468455,2,1,1,0,19,0,0,true,exploratory,false,false,false,verb_or_predicate,speech,intl_zh_word,保留在主表，但因章节/全文位置集中而不进入通用嵌套评估集
114,lpw_b4444021ad,那儿,那儿,19,19,0.0066972153683468455,2,14,0.10526315789473684,7,2,7,3,false,exploratory,false,false,false,other,other,intl_zh_word,
115,lpw_a2f7e42081,所以,所以,19,19,0.0066972153683468455,2,13,0.21052631578947367,5,4,8,2,false,exploratory,false,false,false,function,function,intl_zh_word,
116,lpw_33a8618cb6,问题,问题,19,19,0.0066972153683468455,2,11,0.15789473684210525,7,5,1,6,false,exploratory,false,false,false,other,other,intl_zh_word,
117,lpw_bcacb40df8,我们,我们,19,19,0.0066972153683468455,2,10,0.21052631578947367,3,1,8,7,false,exploratory,false,false,false,pronoun,pronoun,intl_zh_word,
118,lpw_9a18d5dc38,一颗,一颗,19,19,0.0066972153683468455,2,10,0.2631578947368421,7,6,2,4,false,exploratory,false,false,false,noun_or_entity,time_quantity,intl_zh_word,
119,lpw_8ee12e2310,已经,已经,19,19,0.0066972153683468455,2,12,0.15789473684210525,5,7,1,6,false,exploratory,false,false,false,other,other,intl_zh_word,
120,lpw_2ccec3b419,非常,非常,19,18,0.00634473034896017,2,11,0.16666666666666666,9,4,4,1,false,exploratory,false,false,false,other,other,intl_zh_word,
121,lpw_ba8bd7c8c9,只有,只有,19,18,0.00634473034896017,2,10,0.16666666666666666,1,3,9,5,false,exploratory,false,false,false,other,other,intl_zh_word,
122,lpw_1f863793c6,但,但,18,18,0.00634473034896017,1,11,0.16666666666666666,6,2,2,8,false,exploratory,false,false,false,other,other,intl_zh_word,
123,lpw_b56f36b529,到,到,18,18,0.00634473034896017,1,11,0.2222222222222222,2,3,5,8,false,exploratory,false,false,false,other,other,intl_zh_word,
124,lpw_dd18ed3fb2,点灯人,点灯人,18,18,0.00634473034896017,3,3,0.6666666666666666,0,6,12,0,true,exploratory,false,false,false,noun_or_entity,narrative_character,custom_phrase,保留在主表，但因章节/全文位置集中而不进入通用嵌套评估集
125,lpw_0da9a35a4b,朵,朵,18,18,0.00634473034896017,1,9,0.2777777777777778,3,8,5,2,false,exploratory,false,false,false,other,other,intl_zh_word,
126,lpw_dfaa7d6f73,还是,还是,18,18,0.00634473034896017,2,10,0.16666666666666666,4,8,1,5,false,exploratory,false,false,false,other,other,intl_zh_word,
127,lpw_dc749837f4,火山,火山,18,18,0.00634473034896017,2,5,0.3888888888888889,0,10,8,0,true,exploratory,false,false,false,noun_or_entity,place|concrete_entity,custom_phrase,保留在主表，但因章节/全文位置集中而不进入通用嵌套评估集
128,lpw_1ca2298198,哪儿,哪儿,18,18,0.00634473034896017,2,9,0.2777777777777778,6,3,7,2,false,exploratory,false,false,false,other,interrogative,intl_zh_word,
129,lpw_413c06bcef,能,能,18,18,0.00634473034896017,1,11,0.16666666666666666,4,5,6,3,false,exploratory,false,false,false,other,other,intl_zh_word,
130,lpw_056b9c6262,谁,谁,18,18,0.00634473034896017,1,10,0.2222222222222222,1,6,8,3,false,exploratory,false,false,false,pronoun,pronoun|interrogative,intl_zh_word,
131,lpw_8b6ff49851,时间,时间,18,18,0.00634473034896017,2,11,0.3333333333333333,2,5,9,2,false,exploratory,false,false,false,noun_or_entity,time_quantity,custom_phrase,
132,lpw_216a478784,一只,一只,18,18,0.00634473034896017,2,9,0.3333333333333333,9,4,2,3,false,exploratory,false,false,false,noun_or_entity,time_quantity,intl_zh_word,
133,lpw_fa6e73c549,那个,那个,18,17,0.005992245329573493,2,11,0.17647058823529413,4,8,3,2,false,exploratory,false,false,false,function,function,intl_zh_word,
134,lpw_142d843e71,当,当,17,17,0.005992245329573493,1,12,0.17647058823529413,4,7,2,4,false,exploratory,false,false,false,other,other,intl_zh_word,
135,lpw_1940119f05,多,多,17,17,0.005992245329573493,1,13,0.11764705882352941,6,3,4,4,false,exploratory,false,false,false,other,other,intl_zh_word,
136,lpw_9bbfbbc76f,您,您,17,17,0.005992245329573493,1,5,0.35294117647058826,0,13,4,0,true,exploratory,false,false,false,pronoun,pronoun,intl_zh_word,保留在主表，但因章节/全文位置集中而不进入通用嵌套评估集
137,lpw_59cbe38d1c,我有,我有,17,17,0.005992245329573493,2,10,0.23529411764705882,4,7,3,3,false,exploratory,false,false,false,other,other,intl_zh_word,
138,lpw_c9b87f516a,五,五,17,17,0.005992245329573493,1,5,0.7058823529411765,0,13,1,3,true,exploratory,false,false,false,other,other,intl_zh_word,保留在主表，但因章节/全文位置集中而不进入通用嵌套评估集
139,lpw_13c12b064b,下,下,17,17,0.005992245329573493,1,10,0.23529411764705882,1,6,6,4,false,exploratory,false,false,false,function,function,intl_zh_word,
140,lpw_c3a6e91c19,驯,驯,17,17,0.005992245329573493,1,2,0.9411764705882353,0,0,15,2,true,exploratory,false,false,false,other,other,intl_zh_word,保留在主表，但因章节/全文位置集中而不进入通用嵌套评估集
141,lpw_827d018e1b,真,真,17,17,0.005992245329573493,1,13,0.17647058823529413,6,5,3,3,false,exploratory,false,false,false,other,other,intl_zh_word,
142,lpw_94f5404441,做,做,17,17,0.005992245329573493,1,12,0.23529411764705882,2,7,4,4,false,exploratory,false,false,false,other,other,intl_zh_word,
143,lpw_5ee8091a38,怎么,怎么,18,16,0.005639760310186817,2,13,0.125,5,5,3,3,false,exploratory,false,false,false,other,interrogative,intl_zh_word,
144,lpw_597ae23d84,长,长,17,16,0.005639760310186817,1,12,0.1875,8,3,5,0,false,exploratory,false,false,false,other,other,intl_zh_word,
145,lpw_bafe3b2ee7,爱,爱,16,16,0.005639760310186817,1,7,0.5625,2,10,2,2,false,exploratory,false,false,false,other,emotion_social,intl_zh_word,
146,lpw_e49587b1da,蛇,蛇,16,16,0.005639760310186817,1,2,0.625,0,0,10,6,true,exploratory,false,false,false,noun_or_entity,narrative_character|concrete_entity,intl_zh_word,保留在主表，但因章节/全文位置集中而不进入通用嵌套评估集
147,lpw_33f40475f8,我在,我在,16,16,0.005639760310186817,2,10,0.1875,2,5,4,5,false,exploratory,false,false,false,other,other,intl_zh_word,
148,lpw_d657ee1d4a,正,正,16,16,0.005639760310186817,1,4,0.4375,8,8,0,0,true,exploratory,false,false,false,other,other,intl_zh_word,保留在主表，但因章节/全文位置集中而不进入通用嵌套评估集
149,lpw_19956b104c,行星,行星,17,15,0.005287275290800141,2,10,0.2,1,6,8,0,false,exploratory,false,false,false,other,other,intl_zh_word,
150,lpw_584cd0fcf3,不是,不是,15,15,0.005287275290800141,2,10,0.2,6,1,4,4,false,exploratory,false,false,false,other,other,intl_zh_word,
151,lpw_0002e2d87f,当然,当然,15,15,0.005287275290800141,2,13,0.13333333333333333,4,3,5,3,false,exploratory,false,false,false,other,other,intl_zh_word,
152,lpw_9ee0280bc4,干,干,15,15,0.005287275290800141,1,8,0.2,5,5,5,0,false,exploratory,false,false,false,other,other,intl_zh_word,
153,lpw_09901d3de2,颗,颗,15,15,0.005287275290800141,1,11,0.13333333333333333,4,5,6,0,false,exploratory,false,false,false,other,other,intl_zh_word,
154,lpw_83385d2eda,两,两,15,15,0.005287275290800141,1,9,0.26666666666666666,1,3,9,2,false,exploratory,false,false,false,other,other,intl_zh_word,
155,lpw_7d58b6422c,时,时,15,15,0.005287275290800141,1,9,0.2,5,1,1,8,false,exploratory,false,false,false,other,other,intl_zh_word,
156,lpw_1b919bb478,为什么,为什么,15,15,0.005287275290800141,3,9,0.2,4,4,4,3,false,exploratory,false,false,false,other,interrogative,intl_zh_word,
157,lpw_06ba27715e,我是,我是,15,15,0.005287275290800141,2,11,0.26666666666666666,4,7,3,1,false,exploratory,false,false,false,other,other,intl_zh_word,
158,lpw_395ae225e5,亿,亿,15,15,0.005287275290800141,1,5,0.6,0,9,3,3,false,exploratory,false,false,false,other,other,intl_zh_word,
159,lpw_a8cd9642aa,重要,重要,15,15,0.005287275290800141,2,10,0.26666666666666666,6,0,3,6,false,exploratory,false,false,false,other,other,intl_zh_word,
160,lpw_9b952dd4e3,的话,的话,14,14,0.004934790271413465,2,11,0.14285714285714285,4,4,3,3,false,exploratory,false,false,false,other,other,intl_zh_word,
161,lpw_58ed4c69fb,接着,接着,14,14,0.004934790271413465,2,10,0.21428571428571427,5,2,3,4,false,exploratory,false,false,false,other,other,intl_zh_word,
162,lpw_88d5840fab,请,请,14,14,0.004934790271413465,1,6,0.35714285714285715,5,3,2,4,false,exploratory,false,false,false,other,other,intl_zh_word,
163,lpw_7ca71b72d7,如果,如果,14,14,0.004934790271413465,2,7,0.2857142857142857,2,5,3,4,false,exploratory,false,false,false,function,function,intl_zh_word,
164,lpw_3f1784ce8b,商人,商人,14,14,0.004934790271413465,2,6,0.42857142857142855,0,7,2,5,false,exploratory,false,false,false,noun_or_entity,narrative_character,custom_phrase,
165,lpw_5484678be4,时候,时候,14,14,0.004934790271413465,2,11,0.14285714285714285,6,6,1,1,false,exploratory,false,false,false,other,other,intl_zh_word,
166,lpw_22c95798a9,使,使,14,14,0.004934790271413465,1,9,0.2857142857142857,3,3,2,6,false,exploratory,false,false,false,other,other,intl_zh_word,
167,lpw_e66d9fac19,事情,事情,14,14,0.004934790271413465,2,10,0.21428571428571427,6,2,5,1,false,exploratory,false,false,false,other,other,intl_zh_word,
168,lpw_327b54d04f,水,水,14,14,0.004934790271413465,1,6,0.35714285714285715,2,0,1,11,false,exploratory,false,false,false,noun_or_entity,concrete_entity,intl_zh_word,
169,lpw_653b04330b,喜欢,喜欢,14,14,0.004934790271413465,2,10,0.14285714285714285,5,2,3,4,false,exploratory,false,false,false,other,emotion_social,intl_zh_word,
170,lpw_ab158a8483,比,比,13,13,0.004582305252026789,1,8,0.3076923076923077,2,5,4,2,false,exploratory,false,false,false,other,other,intl_zh_word,
171,lpw_3966c0d55d,别的,别的,13,13,0.004582305252026789,2,7,0.3076923076923077,4,2,5,2,false,exploratory,false,false,false,other,other,intl_zh_word,
172,lpw_c7ae73a94d,不会,不会,13,13,0.004582305252026789,2,13,0.07692307692307693,2,3,4,4,false,exploratory,false,false,false,verb_or_predicate,negation_modality,intl_zh_word,
173,lpw_c8ae97be80,家,家,13,13,0.004582305252026789,1,1,1,0,0,13,0,true,exploratory,false,false,false,other,other,intl_zh_word,保留在主表，但因章节/全文位置集中而不进入通用嵌套评估集
174,lpw_e9c1d16595,看到,看到,13,13,0.004582305252026789,2,8,0.15384615384615385,2,2,5,4,false,exploratory,false,false,false,other,other,intl_zh_word,
175,lpw_64f62e9803,路灯,路灯,13,13,0.004582305252026789,2,2,0.8461538461538461,0,9,4,0,true,exploratory,false,false,false,other,other,intl_zh_word,保留在主表，但因章节/全文位置集中而不进入通用嵌套评估集
176,lpw_85217f7aff,日,日,13,13,0.004582305252026789,1,4,0.38461538461538464,5,6,2,0,false,exploratory,false,false,false,other,other,intl_zh_word,
177,lpw_754a9d5828,四,四,13,13,0.004582305252026789,1,8,0.23076923076923078,0,7,5,1,false,exploratory,false,false,false,other,other,intl_zh_word,
178,lpw_ae99f297e9,所有,所有,13,13,0.004582305252026789,2,9,0.3076923076923077,1,3,5,4,false,exploratory,false,false,false,other,other,intl_zh_word,
179,lpw_e8635424ab,探险,探险,13,13,0.004582305252026789,2,1,1,0,0,13,0,true,exploratory,false,false,false,other,other,intl_zh_word,保留在主表，但因章节/全文位置集中而不进入通用嵌套评估集
180,lpw_260bd80462,望,望,13,13,0.004582305252026789,1,8,0.38461538461538464,3,0,3,7,false,exploratory,false,false,false,other,other,intl_zh_word,
181,lpw_1d8fb5e34e,笑,笑,13,13,0.004582305252026789,1,5,0.6153846153846154,1,0,1,11,false,exploratory,false,false,false,other,other,intl_zh_word,
182,lpw_af76fed85c,些,些,13,13,0.004582305252026789,1,11,0.15384615384615385,3,5,4,1,false,exploratory,false,false,false,other,other,intl_zh_word,
183,lpw_bd49c65dde,养,养,13,13,0.004582305252026789,1,2,0.9230769230769231,0,0,11,2,true,exploratory,false,false,false,other,other,intl_zh_word,保留在主表，但因章节/全文位置集中而不进入通用嵌套评估集
184,lpw_941252022a,也不,也不,13,13,0.004582305252026789,2,10,0.23076923076923078,3,3,3,4,false,exploratory,false,false,false,other,other,intl_zh_word,
185,lpw_41f8d30e7f,夜里,夜里,13,13,0.004582305252026789,2,5,0.5384615384615384,1,2,0,10,false,exploratory,false,false,false,other,other,intl_zh_word,
186,lpw_3617c85a66,于是,于是,13,13,0.004582305252026789,2,9,0.23076923076923078,5,3,1,4,false,exploratory,false,false,false,other,other,intl_zh_word,
187,lpw_a567bdaa11,中,中,13,13,0.004582305252026789,1,10,0.23076923076923078,4,2,2,5,false,exploratory,false,false,false,other,other,intl_zh_word,
188,lpw_39eae64cfc,开,开,15,12,0.0042298202326401125,1,7,0.3333333333333333,8,0,0,4,true,exploratory,false,false,false,other,other,intl_zh_word,保留在主表，但因章节/全文位置集中而不进入通用嵌套评估集
189,lpw_148b16e603,一点,一点,15,12,0.0042298202326401125,2,11,0.16666666666666666,5,1,4,2,false,exploratory,false,false,false,other,other,intl_zh_word,
190,lpw_abc511ca95,满,满,13,12,0.0042298202326401125,1,6,0.4166666666666667,2,2,0,8,false,exploratory,false,false,false,other,other,intl_zh_word,
191,lpw_08dddeac13,点,点,12,12,0.0042298202326401125,1,8,0.25,1,5,5,1,false,exploratory,false,false,false,other,other,intl_zh_word,
192,lpw_ef4e15ff45,都是,都是,12,12,0.0042298202326401125,2,9,0.25,2,5,1,4,false,exploratory,false,false,false,other,other,intl_zh_word,
193,lpw_036f781126,话,话,12,12,0.0042298202326401125,1,8,0.25,3,5,1,3,false,exploratory,false,false,false,other,other,intl_zh_word,
194,lpw_b30391caa1,可不是,可不是,12,12,0.0042298202326401125,3,6,0.4166666666666667,0,1,3,8,false,exploratory,false,false,false,other,other,intl_zh_word,
195,lpw_e9ce9aefa3,落,落,12,12,0.0042298202326401125,1,3,0.4166666666666667,5,5,2,0,false,exploratory,false,false,false,other,other,intl_zh_word,
196,lpw_7d2bda9879,蟒蛇,蟒蛇,12,12,0.0042298202326401125,2,4,0.5,11,0,0,1,true,exploratory,false,false,false,other,other,intl_zh_word,保留在主表，但因章节/全文位置集中而不进入通用嵌套评估集
197,lpw_ca4f5ee82e,然后,然后,12,12,0.0042298202326401125,2,11,0.16666666666666666,4,4,2,2,false,exploratory,false,false,false,other,other,intl_zh_word,
198,lpw_a4c3313deb,三,三,12,12,0.0042298202326401125,1,8,0.25,0,4,5,3,false,exploratory,false,false,false,other,other,intl_zh_word,
199,lpw_a9b1124b34,晚上,晚上,12,12,0.0042298202326401125,2,8,0.25,2,4,3,3,false,exploratory,false,false,false,noun_or_entity,time_quantity,custom_phrase,
200,lpw_3e63e3d08e,我不,我不,12,12,0.0042298202326401125,2,7,0.3333333333333333,5,2,1,4,false,exploratory,false,false,false,other,other,intl_zh_word,
201,lpw_42230da180,我想,我想,12,12,0.0042298202326401125,2,7,0.3333333333333333,1,6,2,3,false,exploratory,false,false,false,other,other,intl_zh_word,
202,lpw_577fd55103,虚荣的人,虚荣的人,12,12,0.0042298202326401125,4,3,0.75,0,10,2,0,true,exploratory,false,false,false,noun_or_entity,narrative_character,custom_phrase,保留在主表，但因章节/全文位置集中而不进入通用嵌套评估集
203,lpw_5448481f38,一天,一天,12,12,0.0042298202326401125,2,7,0.3333333333333333,4,5,2,1,false,exploratory,false,false,false,noun_or_entity,time_quantity,intl_zh_word,
204,lpw_aa98317793,以前,以前,12,12,0.0042298202326401125,2,9,0.16666666666666666,3,5,4,0,false,exploratory,false,false,false,other,other,intl_zh_word,
205,lpw_c277be8a4b,找,找,12,12,0.0042298202326401125,1,5,0.3333333333333333,0,1,4,7,false,exploratory,false,false,false,other,other,intl_zh_word,
206,lpw_cbba0a98ab,住,住,12,12,0.0042298202326401125,1,12,0.08333333333333333,4,4,2,2,false,exploratory,false,false,false,other,other,intl_zh_word,
207,lpw_057c8f7842,远,远,15,11,0.0038773352132534366,1,5,0.2727272727272727,5,0,3,3,false,exploratory,false,false,false,other,other,intl_zh_word,
208,lpw_9482d0359c,转,转,12,11,0.0038773352132534366,1,5,0.45454545454545453,0,0,9,2,true,exploratory,false,false,false,other,other,intl_zh_word,保留在主表，但因章节/全文位置集中而不进入通用嵌套评估集
209,lpw_c814805bc6,吃,吃,11,11,0.0038773352132534366,1,3,0.5454545454545454,11,0,0,0,true,exploratory,false,false,false,other,other,intl_zh_word,保留在主表，但因章节/全文位置集中而不进入通用嵌套评估集
210,lpw_b2ddecd32a,刺,刺,11,11,0.0038773352132534366,1,5,0.6363636363636364,7,2,1,1,false,exploratory,false,false,false,other,other,intl_zh_word,
211,lpw_8cb1f721c8,但是,但是,11,11,0.0038773352132534366,2,9,0.18181818181818182,2,3,2,4,false,exploratory,false,false,false,other,other,intl_zh_word,
212,lpw_10493d06b9,发现,发现,11,11,0.0038773352132534366,2,7,0.2727272727272727,1,4,3,3,false,exploratory,false,false,false,verb_or_predicate,perception,intl_zh_word,
213,lpw_bd957bc497,分钟,分钟,11,11,0.0038773352132534366,2,6,0.36363636363636365,1,2,4,4,false,exploratory,false,false,false,noun_or_entity,time_quantity,custom_phrase,
214,lpw_1c31582177,酒鬼,酒鬼,11,11,0.0038773352132534366,2,5,0.5454545454545454,0,8,3,0,true,exploratory,false,false,false,noun_or_entity,narrative_character,custom_phrase,保留在主表，但因章节/全文位置集中而不进入通用嵌套评估集
215,lpw_8e80d04a82,你会,你会,11,11,0.0038773352132534366,2,3,0.7272727272727273,0,2,1,8,true,exploratory,false,false,false,other,other,intl_zh_word,保留在主表，但因章节/全文位置集中而不进入通用嵌套评估集
216,lpw_1ec687a275,人们,人们,11,11,0.0038773352132534366,2,6,0.2727272727272727,0,0,6,5,true,exploratory,false,false,false,other,other,intl_zh_word,保留在主表，但因章节/全文位置集中而不进入通用嵌套评估集
217,lpw_473400815c,声音,声音,11,11,0.0038773352132534366,2,8,0.18181818181818182,3,2,2,4,false,exploratory,false,false,false,other,other,intl_zh_word,
218,lpw_1f2eb2608d,听,听,11,11,0.0038773352132534366,1,7,0.2727272727272727,3,3,2,3,false,exploratory,false,false,false,verb_or_predicate,perception,intl_zh_word,
219,lpw_30bc5c7b4c,我要,我要,11,11,0.0038773352132534366,2,5,0.36363636363636365,3,1,2,5,false,exploratory,false,false,false,other,other,intl_zh_word,
220,lpw_43584f37c1,现在,现在,11,11,0.0038773352132534366,2,8,0.18181818181818182,1,2,3,5,false,exploratory,false,false,false,other,other,intl_zh_word,
221,lpw_68cf5e71c2,小行星,小行星,11,11,0.0038773352132534366,3,4,0.5454545454545454,8,3,0,0,true,exploratory,false,false,false,noun_or_entity,place,custom_phrase,保留在主表，但因章节/全文位置集中而不进入通用嵌套评估集
222,lpw_256c0476ed,也是,也是,11,11,0.0038773352132534366,2,6,0.2727272727272727,3,1,5,2,false,exploratory,false,false,false,other,other,intl_zh_word,
223,lpw_dc50d5e51e,一张,一张,11,11,0.0038773352132534366,2,4,0.45454545454545453,9,2,0,0,true,exploratory,false,false,false,other,other,intl_zh_word,保留在主表，但因章节/全文位置集中而不进入通用嵌套评估集
224,lpw_e2d5460909,一座,一座,11,11,0.0038773352132534366,2,7,0.2727272727272727,1,1,7,2,false,exploratory,false,false,false,other,other,intl_zh_word,
225,lpw_65eb352d08,意思,意思,11,11,0.0038773352132534366,2,5,0.45454545454545453,0,4,7,0,true,exploratory,false,false,false,other,other,intl_zh_word,保留在主表，但因章节/全文位置集中而不进入通用嵌套评估集
226,lpw_7ff9df9923,作,作,11,11,0.0038773352132534366,1,7,0.45454545454545453,2,0,2,7,false,exploratory,false,false,false,other,other,intl_zh_word,
227,lpw_c05f7cd6ed,飞机,飞机,11,10,0.0035248501938667607,2,6,0.4,6,0,0,4,true,exploratory,false,false,false,noun_or_entity,concrete_entity,intl_zh_word,保留在主表，但因章节/全文位置集中而不进入通用嵌套评估集
228,lpw_f66de6c4cd,走,走,11,10,0.0035248501938667607,1,7,0.3,0,5,2,3,false,exploratory,false,false,false,verb_or_predicate,physical_action,intl_zh_word,
229,lpw_001d9c64f7,座,座,11,10,0.0035248501938667607,1,5,0.3,0,4,6,0,true,exploratory,false,false,false,other,other,intl_zh_word,保留在主表，但因章节/全文位置集中而不进入通用嵌套评估集
230,lpw_23e89ba0a1,变得,变得,10,10,0.0035248501938667607,2,7,0.4,4,0,2,4,false,exploratory,false,false,false,other,other,intl_zh_word,
231,lpw_5b693ea232,并不,并不,10,10,0.0035248501938667607,2,9,0.2,3,3,1,3,false,exploratory,false,false,false,other,other,intl_zh_word,
232,lpw_00a9d5bd97,道,道,10,10,0.0035248501938667607,1,5,0.3,1,3,6,0,false,exploratory,false,false,false,other,other,intl_zh_word,
233,lpw_be65bd5518,风,风,10,10,0.0035248501938667607,1,6,0.4,0,5,3,2,false,exploratory,false,false,false,other,other,intl_zh_word,
234,lpw_83eec76b39,还有,还有,10,10,0.0035248501938667607,2,10,0.1,3,3,2,2,false,exploratory,false,false,false,other,other,intl_zh_word,
235,lpw_5f887419f4,孩子,孩子,10,10,0.0035248501938667607,2,7,0.2,6,0,0,4,true,exploratory,false,false,false,noun_or_entity,narrative_character,custom_phrase,保留在主表，但因章节/全文位置集中而不进入通用嵌套评估集
236,lpw_f92f065aad,看不见,看不见,10,10,0.0035248501938667607,3,6,0.4,1,0,1,8,false,exploratory,false,false,false,verb_or_predicate,perception,custom_phrase,
237,lpw_b4dcb3305a,们,们,10,10,0.0035248501938667607,1,6,0.3,4,0,4,2,false,exploratory,false,false,false,other,other,intl_zh_word,
238,lpw_642b100e13,你要,你要,10,10,0.0035248501938667607,2,8,0.2,3,1,5,1,false,exploratory,false,false,false,other,other,intl_zh_word,
239,lpw_da153c5b45,却,却,10,10,0.0035248501938667607,1,8,0.2,1,3,3,3,false,exploratory,false,false,false,other,other,intl_zh_word,
240,lpw_1be968f125,书,书,10,10,0.0035248501938667607,1,5,0.5,4,1,5,0,false,exploratory,false,false,false,other,other,intl_zh_word,
241,lpw_63e84e56ed,说不定,说不定,10,10,0.0035248501938667607,3,7,0.3,2,2,5,1,false,exploratory,false,false,false,other,other,intl_zh_word,
242,lpw_2ed64c1d92,为了,为了,10,10,0.0035248501938667607,2,7,0.4,5,1,2,2,false,exploratory,false,false,false,other,other,intl_zh_word,
243,lpw_5ebf3d1bfd,我把,我把,10,10,0.0035248501938667607,2,6,0.2,3,2,0,5,false,exploratory,false,false,false,other,other,intl_zh_word,
244,lpw_6af7322be2,我没,我没,10,10,0.0035248501938667607,2,7,0.2,2,4,0,4,false,exploratory,false,false,false,other,other,intl_zh_word,
245,lpw_a2f77db0e9,向,向,10,10,0.0035248501938667607,1,7,0.3,2,6,1,1,false,exploratory,false,false,false,other,other,intl_zh_word,
246,lpw_e6ad7a1dbc,以后,以后,10,10,0.0035248501938667607,2,9,0.2,4,0,3,3,false,exploratory,false,false,false,other,other,intl_zh_word,
247,lpw_25eba59465,走了,走了,10,10,0.0035248501938667607,2,8,0.2,0,5,3,2,false,exploratory,false,false,false,other,other,intl_zh_word,
